108 North State Street
10 Bold Drama
10 Peach Comedy
10 daily
1989 South Florida television affiliation switch
1994–1996 United States broadcast television realignment
2006 United States broadcast TV realignment
2019 merger of CBS and Viacom
247Sports
5Action
5Select
5Spike
5Star
5USA
ABC Owned Television Stations
ADS (TV station)
AMC Networks International
AMC Networks International UK
ATV (Australian TV station)
AXS TV
AdWeek
Alexandria, Minnesota
American Broadcasting-Paramount Theatres
American Broadcasting Company
Atlanta
Austin, Texas
Avatar Studios
Awesomeness (company)
BET
BET+
BET (French TV channel)
BET Her
BET International
BET Jams
BET Networks
BET Soul
BNET
Baltimore
Bardel Entertainment
Bayou City Broadcasting
Bellator MMA
Belo Corporation
Big Ticket Entertainment
Blockbuster (retailer)
Boston
Broadcasting & Cable
Broadcasting (magazine)
Broadcasting construction permit
CBS
CBSN
CBSSports.com
CBS Action (Polish TV channel)
CBS Broadcast Center
CBS Building
CBS Cable
CBS Corporation
CBS Entertainment Group
CBS Europa
CBS Eye Animation Productions
CBS Films
CBS Home Entertainment
CBS Innertube
CBS Interactive
CBS Justice
CBS Media Ventures
CBS MoneyWatch
CBS News
CBS News 24/7
CBS News Radio
CBS News controversies and criticism
CBS Productions
CBS Radio
CBS Reality
CBS Records (2006)
CBS Sports
CBS Sports HQ
CBS Sports Network
CBS Studio Center
CBS Studios
CBS Telenoticias
CBS Television Distribution
CBS Watch
CMT (American TV channel)
CMT (Australian TV channel)
CMT Music
CNET
CNET Video
CNNMoney.com
Canwest
Cerberus Capital Management
Channel 5 (British TV channel)
Chicago
Chief executive officer
Chillicothe, Ohio
Chowhound
Chris-Craft Industries
City of license
Clicker.com
Club MTV (Australian TV channel)
Club MTV (British and Irish TV channel)
Club MTV (European TV channel)
Colorado Film
Columbus, Ohio
Comcast
Comedy Central
Comedy Central (Australian and New Zealand TV channel)
Comedy Central (Belgian TV channel)
Comedy Central (British TV channel)
Comedy Central (Dutch TV channel)
Comedy Central (French TV channel)
Comedy Central (German TV channel)
Comedy Central (Hungarian TV channel)
Comedy Central (Italian TV channel)
Comedy Central (Latin American TV channel)
Comedy Central (Polish TV channel)
Comedy Central (Romanian TV channel)
Comedy Central (Russian TV channel)
Comedy Central (Spanish TV channel)
Comedy Central (Swedish TV channel)
Comedy Central Extra
Comedy Central Family (Dutch TV channel)
Comedy Central Films
ComicBook.com
Court TV
Criticism of Paramount Global
Dabl
Dallas
Daystar (TV network)
Deadline Hollywood
Decades (TV network)
Denver
Detroit
Digital subchannel
Digital television
Digital terrestrial television
Discovery People
Division (business)
Download.com
DreamWorks Pictures
E. W. Scripps Company
Earl Carroll Theatre (Los Angeles)
Ed Sullivan Theater
Ego (TV channel)
Entravision Communications
Escanaba, Michigan
Famous Music
Fave TV
FindArticles
Flix (TV network)
Fort Lauderdale, Florida
Fort Worth, Texas
Four Points Media Group
Fox Broadcasting Company
Fox Corporation
Fox Television Stations
Free FM
Gale (identifier)
GameFAQs
GameRankings
GameSpot
GameTrailers
Game One
Gaylord Broadcasting
Gaylord Entertainment
Gecko (TV channel)
Giant Bomb
Gray Television
Green Bay, Wisconsin
Gulf and Western Industries
HDNet Movies
Hampton Roads
Harmonix
Hartford, Connecticut
Hearst Communications
History of CBS
Hot Comedy Central
Houston
Howard Stringer
IFilm
Independent station
Independent station (North America)
Indianapolis
Infinity Broadcasting Corporation
Insurge Pictures
J-One
KABC-TV
KABE-CD
KAKW-DT
KASA-TV
KASN
KAUT-TV
KAZT-TV
KBLR
KCAL-TV
KCBS-TV
KCEC (TV)
KCLO-TV
KCNC-TV
KCOP-TV
KCOR-CD
KCPQ
KCSO-LD
KDAF
KDEN-TV
KDFI
KDFW
KDKA-TV
KDKA (AM)
KDTV-DT
KEYE-TV
KEZT-CD
KFOR-TV
KFSF-DT
KFSN-TV
KFTH-DT
KFTV-DT
KGCW
KGET-TV
KGO-TV
KHON-TV
KHRR
KIAH
KLFY-TV
KLUZ-TV
KMAX-TV
KMEX-DT
KMOV
KMSP-TV
KMUM-CD
KMYU
KNBC
KNSD
KNSO
KNTV
KNVA
KOVR
KPIX
KPIX-TV
KPLR-TV
KPYX
KRCW-TV
KRIV (TV)
KRON-TV
KSAZ-TV
KSTS
KSTW
KSVI
KTAZ
KTBC (TV)
KTDO
KTFO-CD
KTKA-TV
KTLA
KTLM
KTMD
KTMW
KTRK-TV
KTTV
KTVT
KTVU
KTVW-DT
KTXA
KTXH
KUAN-LD
KUCW
KUTH-DT
KUTP
KUTV
KUVE-DT
KUVI-DT
KUVN-DT
KUVS-DT
KVDA
KVEA
KWBQ
KWEX-DT
KWGN-TV
KXAS-TV
KXLN-DT
KXMA-TV
KXMB-TV
KXMC-TV
KXMD-TV
KXRM-TV
KXTU-LD
KXTX-TV
KYW-TV
KYW (AM)
KZJO
Kindernet
King World Productions
LIN Media
LLC
Last.fm
Legend (television channel)
Liberty Media
List of Paramount+ original films
List of Paramount+ original programming
List of Paramount Global television programs
List of Paramount channels
List of assets owned by Paramount Global
List of programs broadcast by Network 10
Local TV LLC
Local marketing agreement
Logo TV
Lorimar-Telepictures
Los Angeles
Los Angeles Times
Low-power broadcasting
MGM+
MTV
MTV2
MTV2 Pop
MTVU
MTV (Adria)
MTV (Asian TV channel)
MTV (Australian and New Zealand TV channel)
MTV (Austrian TV channel)
MTV (Belgian TV channel)
MTV (Brazilian TV channel)
MTV (British and Irish TV channel)
MTV (Czech TV channel)
MTV (Danish TV channel)
MTV (Dutch TV channel)
MTV (Estonian TV channel)
MTV (Finnish TV channel)
MTV (French TV channel)
MTV (Greek TV channel)
MTV (Hungarian TV channel)
MTV (Indian TV channel)
MTV (Indonesian TV channel)
MTV (Israeli TV channel)
MTV (Italian TV channel)
MTV (Latin American TV channel)
MTV (Lithuanian & Latvian TV channel)
MTV (Middle Eastern TV channel)
MTV (New Zealand TV channel)
MTV (Nordic TV channel)
MTV (Norwegian TV channel)
MTV (Pakistani TV channel)
MTV (Philippine TV channel)
MTV (Polish TV channel)
MTV (Portuguese TV channel)
MTV (Romanian TV channel)
MTV (Russian TV channel)
MTV (Spanish TV channel)
MTV (Swedish TV channel)
MTV (Swiss TV channel)
MTV (Turkish TV channel)
MTV (Ukrainian TV channel)
MTV 00s
MTV 80s
MTV 80s (British and Irish TV channel)
MTV 90s
MTV 90s (British and Irish TV channel)
MTV Africa
MTV Animation
MTV Base
MTV Base (African TV channel)
MTV Base (French TV channel)
MTV Brand New
MTV Brand New (Dutch TV channel)
MTV Brand New (Italian TV channel)
MTV Brasil
MTV Classic (American TV channel)
MTV Classic (Australian TV channel)
MTV Classic (British and Irish TV channel)
MTV Classic (Italian TV channel)
MTV Classic (Polish TV channel)
MTV Entertainment Studios
MTV Extra
MTV Flux
MTV Germany
MTV Global
MTV Hits (Australian and New Zealand TV channel)
MTV Hits (British and Irish TV channel)
MTV Hits (European TV channel)
MTV Hits (French TV channel)
MTV Hits (Latin American TV channel)
MTV Idol
MTV Japan
MTV Live (European TV channel)
MTV Live (International TV channel)
MTV Live (TV network)
MTV Live (international TV channel)
MTV Mandarin
MTV Music (Australian and New Zealand TV channel)
MTV Music (British and Irish TV channel)
MTV Music (Greek TV channel)
MTV Music (Italian TV channel)
MTV Music (Polish TV channel)
MTV Music 24
MTV OMG
MTV Pinoy
MTV Plus
MTV Pulse (French TV channel)
MTV Pulse (Italian TV channel)
MTV Rocks (British and Irish TV channel)
MTV Rocks (European TV channel)
MTV Shows
MTV Thailand
MTV Tres
MTVph
MarketWatch
Marquette, Michigan
MaxPreps
Media market
Metacritic
MetroLyrics
Miami
Midwest Communications (1952-1992)
Milkshake!
Milwaukee
Minneapolis
Miramax
Mission Broadcasting
Modesto, California
Morgan Murphy Media
MovieTickets.com
My5
MyNetworkTV
NBC
NBC Owned Television Stations
NEW (TV station)
National Amusements
Neeraj Khemlani
Neopets
Network 10
New Bedford, Massachusetts
New Haven, Connecticut
New Orleans
New World Pictures
New York (state)
New York City
Newport News, Virginia
Nexstar Media Group
NickMusic
NickMusic (Australia and New Zealand)
NickMusic (Dutch TV channel)
Nick Jr.
Nick Jr. (Australian and New Zealand TV channel)
Nick Jr. (British and Irish TV channel)
Nick Jr. (Dutch TV channel)
Nick Jr. (German TV channel)
Nick Jr. (Greek TV programming block)
Nick Jr. (Israeli TV channel)
Nick Jr. (Italian TV channel)
Nick Jr. (Latin American TV channel)
Nick Jr. (Middle Eastern and North African TV channel)
Nick Jr. (Portuguese TV channel)
Nick Jr. (Russian TV channel)
Nick Jr. (Scandinavian TV channel)
Nick Jr. (Southeast Asian TV channel)
Nick Jr. (Sub-Saharan African TV channel)
Nick Jr. (Turkish TV channel)
Nick Jr. Channel
Nick at Nite
Nickelodeon
Nickelodeon (Asian TV channel)
Nickelodeon (Australian TV channel)
Nickelodeon (Australian and New Zealand TV channel)
Nickelodeon (Brazilian TV channel)
Nickelodeon (British and Irish TV channel)
Nickelodeon (Croatian TV channel)
Nickelodeon (Danish TV channel)
Nickelodeon (Dutch TV channel)
Nickelodeon (European TV network)
Nickelodeon (Flemish TV channel)
Nickelodeon (French TV channel)
Nickelodeon (German TV channel)
Nickelodeon (Greek TV channel)
Nickelodeon (Israel)
Nickelodeon (Italian TV channel)
Nickelodeon (Latin American TV channel)
Nickelodeon (Malaysian TV channel)
Nickelodeon (Middle Eastern and North African TV channel)
Nickelodeon (Pakistani TV channel)
Nickelodeon (Philippine TV channel)
Nickelodeon (Polish TV channel)
Nickelodeon (Russian TV channel)
Nickelodeon (Scandinavian TV channel)
Nickelodeon (Serbian TV channel)
Nickelodeon (Slovenian TV channel)
Nickelodeon (Spanish and Portuguese TV channel)
Nickelodeon (Sub-Saharan African TV channel)
Nickelodeon (Swedish TV channel)
Nickelodeon (Turkish TV channel)
Nickelodeon (Ukrainian TV programming block)
Nickelodeon (Walloon TV channel)
Nickelodeon Animation Studio
Nickelodeon Digital
Nickelodeon Global
Nickelodeon Group
Nickelodeon Junior
Nickelodeon Movies
Nickelodeon Plus
Nickelodeon Records
Nickelodeon Schweiz
Nickelodeon Teen
Nicktoons (American TV channel)
Nicktoons (British and Irish TV channel)
Nicktoons (Dutch TV channel)
Nicktoons (European TV channel)
Nicktoons (German TV channel)
Nicktoons (Middle Eastern and North African TV channel)
Nicktoons (Sub-Saharan African TV channel)
Nicktoonsters
Nine Network
Noggin (brand)
Norfolk, Virginia
O&O
Oakland, California
Oklahoma City
OnGamers
One Astor Plaza
Owned-and-operated station
Owned-and-operated television stations in the United States
OzTAM
Paramount+
Paramount Animation
Paramount Consumer Products
Paramount Digital Entertainment
Paramount Famous Productions
Paramount Global
Paramount Global Content Distribution
Paramount Home Entertainment
Paramount International Networks
Paramount Media Networks
Paramount Music
Paramount Network
Paramount Network (Czech Republic)
Paramount Network (Dutch TV channel)
Paramount Network (Spanish TV channel)
Paramount Network (international)
Paramount Networks Americas
Paramount Networks EMEAA
Paramount Networks UK & Australia
Paramount Parks
Paramount Pictures
Paramount Players
Paramount Stations Group
Paramount Streaming
Paramount Television Studios
Paramount Vantage
Parent company
Paws, Inc.
Philadelphia
Philo (company)
Pittsburgh
Pluto TV
Polsat Comedy Central Extra
Pop (American TV channel)
Porta dos Fundos
Portsmouth, Virginia
President (corporate title)
Prometheus Global Media
Proposed merger of Skydance Media and Paramount Global
Providence, Rhode Island
Public broadcasting
QOOB
Radford Studio Center
Rainbow S.p.A.
Republic Pictures
Riverhead (CDP), New York
Robert Feder
Sacramento, California
Saint Paul, Minnesota
Salt Lake City
San Francisco
San Jose, California
Scout.com
Seattle
Seven Network
Shared services
Shari Redstone
Shockwave (game portal)
Showtime (TV network)
Showtime Networks
Simon & Schuster
Sinclair Broadcast Group
Sky Group
Slidell, Louisiana
SmartPlanet
Smithsonian Channel
Smithsonian Channel (British and Irish TV channel)
Spelling Television
Spike (Australian TV channel)
Split of CBS Corporation and Viacom
Spree TV
St. Louis
St. Petersburg, Florida
Start TV
Stockton, California
Storer Communications
Super!
TBD (TV network)
TEN (TV station)
TIS Productions
TMF (UK & Ireland)
TMF Dance
TMF Flanders
TMF NL
TMF Nederland
TMF Pure
TV.com
TVQ
TVX Broadcast Group
TV Guide
TV Land
Tacoma, Washington
Tampa, Florida
TechRepublic
TeenNick
Tegna Inc.
Telefe
Telefe Internacional
Telefe Rosario
Telefe Santa Fe
Telemundo
TelevisaUnivision
Television in the United States
Television network
Ten Guide
Ten Network Holdings
The Box (American TV channel)
The CW
The Hollywood Reporter
The Movie Channel
The Music Factory
The New York Times
The New York Times Company
The WB
The Walt Disney Company
The Washington Post
The Wildwoods
Time Warner
Tribune Broadcasting
Tribune Media
True Crime (AMC Networks)
True Crime Xtra
UHF television broadcasting
UPN
USA Network
United International Pictures
United States
Univision
UrbanBaby
VH-1 (German TV channel)
VH1
VH1 (Brazilian TV channel)
VH1 (British and Irish TV channel)
VH1 (Danish TV channel)
VH1 (European TV channel)
VH1 (Italian TV channel)
VH1 (Latin American TV channel)
VH1 (Polish TV channel)
VH1 Classic
VH1 Classic (European TV channel)
VH1 HD
VH1 MegaHits
VH1 Uno
VH2
VIVA (German TV channel)
VIVA (Hungarian TV channel)
VIVA Austria
Variety (magazine)
Vaughan Media
VersionTracker
Very high frequency
Viacom18
Viacom (1952–2005)
Viacom (1952–2006)
Viacom (1971-2005)
Viacom (2005–2019)
Viacom (original)
Viacom Entertainment Store
VidCon
Virtual channel
Viva (British and Irish TV channel)
WABC-TV
WAGA
WAGA-TV
WANF
WBBM-TV
WBDT
WBFS-TV
WBRL-CD
WBTS-CD
WBXI-CD
WBZ-TV
WCAU
WCBD-TV
WCBS-TV
WCCO-TV
WDCA
WDCW
WFDC-DT
WFLD
WFNA (TV)
WFOR-TV
WFRV-TV
WFSB
WFTC
WFTY-DT
WFXQ-CD
WFXR
WFXV
WGBO-DT
WGMB-TV
WGN-TV
WGNT
WHDF
WHLT
WHNT-TV
WINP-TV
WISH-TV
WITI (TV)
WJBK
WJBK-TV
WJMN-TV
WJPX
WJTV
WJZ-TV
WKAQ-TV
WKBD-TV
WKYC
WLAJ
WLNY-TV
WLS-TV
WLTV-DT
WLWC
WMAQ-TV
WMBB
WMGM-TV
WMJI
WNAC-TV
WNBC
WNCT-TV
WNDY-TV
WNEU
WNJU
WNLO (TV)
WNOL-TV
WNYW
WOFL
WOGX
WOTV
WPGH-TV
WPHL-TV
WPIX
WPKD-TV
WPRI-TV
WPSG
WPVI-TV
WPXI
WQED (TV)
WQHS-DT
WRC-TV
WRDM-CD
WRIW-CD
WRMD-CD
WRTD-CD
WSAV-TV
WSBK-TV
WSCV
WSNS-TV
WSVN
WTAM
WTCN-CA
WTCN-CD
WTKR
WTMO-CD
WTNC-LD
WTOG
WTOV-TV
WTTG
WTVD
WTVJ
WTVT
WTVW
WTVX
WTXF-TV
WUDT-LD
WUNI
WUPA
WUPL
WUSA (TV)
WUVC-DT
WUVG-DT
WUVN
WUVP-DT
WVBT
WVEA-TV
WVEN-TV
WVIT
WVTV
WWCW
WWDT-CD
WWHB-CA
WWHB-CD
WWHO
WWJ-TV
WWL-TV
WWLP
WWSI
WWTI
WXTV-DT
WYCN-LD
WYCW
WZDC-CD
WZTD-LD
WarnerMedia
Warner Bros. Discovery
Washington, D.C.
Weigel Broadcasting
Wendy McMahon (television executive)
West Palm Beach, Florida
Westinghouse Broadcasting
Westinghouse Electric (1886)
Westinghouse Electric Corporation
Westinghouse Licensing Corporation
WhoSay
Windsor, Ontario
Worldvision Enterprises
You.tv
ZDNET