Frankfort, Kentucky
National Register of Historic Places listings in Anchorage, Kentucky
McLean County, Kentucky
St. Matthews, Kentucky
Marion County, Kentucky
Mercer County, Kentucky
National Register of Historic Places listings in Pendleton County, Kentucky
National Register of Historic Places listings in Rowan County, Kentucky
Henderson County, Kentucky
Kentucky Dam
List of theaters in Kentucky
National Register of Historic Places listings in Christian County, Kentucky
National Register of Historic Places listings in Leslie County, Kentucky
Powell County, Kentucky
National Register of Historic Places listings in Carlisle County, Kentucky
List of radio stations in Kentucky
Metcalfe County, Kentucky
National Register of Historic Places listings in Ballard County, Kentucky
National Register of Historic Places listings in Barren County, Kentucky
National Register of Historic Places listings in Green County, Kentucky
Graves County, Kentucky
History of Kentucky
Bracken County, Kentucky
Lower Shawneetown Archeological District
Carlisle County, Kentucky
Spencer County, Kentucky
Adair County, Kentucky
Whitley County, Kentucky
Lewis County, Kentucky
Knott County, Kentucky
Barren County, Kentucky
Cincinnati metropolitan area
Georgetown, Kentucky
New Zion Historic District
Woodford County, Kentucky
National Register of Historic Places listings in Allen County, Kentucky
Eastern Kentucky Coalfield
National Register of Historic Places listings in Wayne County, Kentucky
Kentucky
Martin County, Kentucky
Scott County, Kentucky
National Register of Historic Places listings in Woodford County, Kentucky
National Register of Historic Places listings in the United States Minor Outlying Islands
National Register of Historic Places listings in Nelson County, Kentucky
List of U.S. National Historic Landmarks by state
National Register of Historic Places listings in Old Louisville, Kentucky
Cumberland Mountains
Russell County, Kentucky
National Register of Historic Places listings in Bracken County, Kentucky
Hickman County, Kentucky
Historic Preservation Fund
National Register of Historic Places listings in Metcalfe County, Kentucky
Anderson County, Kentucky
Oldham County, Kentucky
Pike County, Kentucky
Cumberland County, Kentucky
Lincoln County, Kentucky
McCracken County, Kentucky
National Register of Historic Places listings in West Virginia
Downtown Versailles Historic District
National Register of Historic Places listings in Robertson County, Kentucky
National Register of Historic Places listings in Vermont
National Register of Historic Places listings in Lincoln County, Kentucky
East Main Street Bridge (Corbin, Kentucky)
National Register of Historic Places listings in Alaska
National Register of Historic Places listings in Bullitt County, Kentucky
Menifee County, Kentucky
Knobs region
National Register of Historic Places listings in Menifee County, Kentucky
Cuisine of Kentucky
National Register of Historic Places listings in Nevada
Henry County, Kentucky
National Register of Historic Places listings in Maryland
National Register of Historic Places listings in Carroll County, Kentucky
National Register of Historic Places listings in Garrard County, Kentucky
Pennyroyal Plateau
Johnson County, Kentucky
National Register of Historic Places listings in Indiana
Red River Gorge District
List of cities in Kentucky
National Register of Historic Places listings in Jackson County, Kentucky
Redd Road Rural Historic District
Owsley County, Kentucky
National Register of Historic Places listings in McCreary County, Kentucky
National Register of Historic Places listings in Oklahoma
National Register of Historic Places listings in the United States Virgin Islands
Mississippi Alluvial Plain
Murray, Kentucky
Homelessness in Kentucky
National Register of Historic Places listings in Hopkins County, Kentucky
Green County, Kentucky
National Register of Historic Places listings in Harrison County, Kentucky
National Register of Historic Places listings in Clinton County, Kentucky
National Register of Historic Places listings in Mississippi
National Register of Historic Places listings in Logan County, Kentucky
National Register of Historic Places listings in Cumberland County, Kentucky
National Register of Historic Places listings in Casey County, Kentucky
National Register of Historic Places listings in Taylor County, Kentucky
National Register of Historic Places listings in Gallatin County, Kentucky
Nelson County, Kentucky
National Register of Historic Places listings in Henry County, Kentucky
National Register of Historic Places
Allen County, Kentucky
Hunter's Bottom Historic District
American Legation, Tangier
Owen County, Kentucky
Franklin County, Kentucky
National Register of Historic Places listings in New York
Harlan County, Kentucky
Butler County, Kentucky
Boone County, Kentucky
Clarksville metropolitan area
National Register of Historic Places listings in Bourbon County, Kentucky
National Register of Historic Places listings in Rockcastle County, Kentucky
Climate change in Kentucky
Contributing property
National Register of Historic Places listings in Elliott County, Kentucky
National Register of Historic Places listings in Clay County, Kentucky
List of counties in Kentucky
National Register of Historic Places listings in Trimble County, Kentucky
National Register of Historic Places listings in Massachusetts
National Register of Historic Places listings in Arizona
National Register of Historic Places listings in Utah
History of the National Register of Historic Places
National Register of Historic Places listings in Trigg County, Kentucky
Harrison County, Kentucky
List of National Historic Landmarks in Kentucky
Gallatin County, Kentucky
Falls of Rough Historic District
National Register of Historic Places listings in Idaho
Casey County, Kentucky
Lyon County, Kentucky
Boyle County, Kentucky
Bullitt County, Kentucky
Cumberland Plateau
National Register of Historic Places listings in Johnson County, Kentucky
Hopkinsville, Kentucky
Wigwam Village No. 2
Mill Springs Battlefield
National Register of Historic Places listings in Campbell County, Kentucky
Pisgah Rural Historic District
Gun laws in Kentucky
Trimble County, Kentucky
Pendleton County, Kentucky
Hancock County, Kentucky
National Register of Historic Places listings in Edmonson County, Kentucky
Highland Rim
National Register of Historic Places listings in Anderson County, Kentucky
National Register of Historic Places listings in Fleming County, Kentucky
National Register of Historic Places listings in Oregon
National Register of Historic Places listings in Lee County, Kentucky
National Register of Historic Places listings in New Mexico
National Register of Historic Places listings in Connecticut
National Register of Historic Places listings in Bath County, Kentucky
Christian County, Kentucky
Madisonville, Kentucky
National Register of Historic Places listings in Calloway County, Kentucky
Monroe County, Kentucky
National Register of Historic Places listings in Henderson County, Kentucky
Bowling Green metropolitan area, Kentucky
National Register of Historic Places listings in Harlan County, Kentucky
Historic districts in the United States
Garrard County, Kentucky
National Register of Historic Places listings in Powell County, Kentucky
Boyd County, Kentucky
National Register of Historic Places listings in Morgan County, Kentucky
Elizabethtown, Kentucky
National Register of Historic Places listings in Grayson County, Kentucky
Metropolitan statistical area
Caldwell County, Kentucky
Erlanger, Kentucky
National Register of Historic Places listings in Nicholas County, Kentucky
National Register of Historic Places listings in Texas
National Register of Historic Places listings in Lyon County, Kentucky
National Register of Historic Places architectural style categories
National Register of Historic Places listings in Pennsylvania
National Register of Historic Places listings in LaRue County, Kentucky
National Register of Historic Places listings in Minnesota
Weisenberger Mills and Related Buildings
Letcher County, Kentucky
National Register of Historic Places listings in Jessamine County, Kentucky
National Register of Historic Places listings in Warren County, Kentucky
Morgan County, Kentucky
Sports in Kentucky
National Register of Historic Places listings in Grant County, Kentucky
National Register of Historic Places listings in Butler County, Kentucky
National Register of Historic Places listings in Carter County, Kentucky
Livingston County, Kentucky
National Register of Historic Places listings in Owsley County, Kentucky
Knox County, Kentucky
Marshall County, Kentucky
National Register of Historic Places listings in Nebraska
National Register of Historic Places listings in Franklin County, Kentucky
National Historic Preservation Act
National Register of Historic Places listings in Russell County, Kentucky
List of regions of the United States
National Register of Historic Places listings in Wyoming
Danville, Kentucky
Huntington–Ashland metropolitan area
National Register of Historic Places listings in Hickman County, Kentucky
National Register of Historic Places listings in Palau
National Register of Historic Places listings in Breathitt County, Kentucky
Richmond, Kentucky
Mason County, Kentucky
National Register of Historic Places listings in Washington County, Kentucky
Ridge-and-Valley Appalachians
Union County, Kentucky
Salts Cave Archeological Site
Breathitt County, Kentucky
Washington County, Kentucky
List of Kentucky state symbols
Boone Creek Rural Historic District
National Register of Historic Places listings in Letcher County, Kentucky
Keeper of the Register
National Register of Historic Places listings in Knox County, Kentucky
Leslie County, Kentucky
Ohio County, Kentucky
National Register of Historic Places listings in New Jersey
Campbell County, Kentucky
National Register of Historic Places property types
National Register of Historic Places listings in North Carolina
Webster County, Kentucky
Greenup County, Kentucky
List of bridges on the National Register of Historic Places in Kentucky
Rev. Jesse R. Zeigler House
National Register of Historic Places listings in Montana
Lawrence County, Kentucky
Confederate Monument in Murray
Perry County, Kentucky
National Register of Historic Places listings in Hart County, Kentucky
National Register of Historic Places listings in Florida
National Register of Historic Places listings in Union County, Kentucky
National Register of Historic Places listings in Fayette County, Kentucky
Radcliff, Kentucky
Robertson County, Kentucky
National Register of Historic Places listings in Wolfe County, Kentucky
Daviess County, Kentucky
National Register of Historic Places listings in Pike County, Kentucky
National Register of Historic Places listings in Muhlenberg County, Kentucky
Florence, Kentucky
National Register of Historic Places listings in Louisville's West End
National Register of Historic Places listings in Owen County, Kentucky
National Register of Historic Places listings in Adair County, Kentucky
National Register of Historic Places listings in Lewis County, Kentucky
Evansville metropolitan area
Taylor County, Kentucky
National Register of Historic Places listings in Madison County, Kentucky
National Register of Historic Places listings in Kansas
Bath County, Kentucky
National Register of Historic Places listings in the Northern Mariana Islands
National Register of Historic Places listings in Alabama
Lexington–Fayette metropolitan area
Religion in Kentucky
National Register of Historic Places listings in Boyd County, Kentucky
National Register of Historic Places listings in Estill County, Kentucky
Elliott County, Kentucky
Kenton County, Kentucky
National Register of Historic Places listings in Simpson County, Kentucky
National Register of Historic Places listings in Delaware
Breckinridge County, Kentucky
National Register of Historic Places listings in Montgomery County, Kentucky
Henderson, Kentucky
National Register of Historic Places listings in the Marshall Islands
Simpson County, Kentucky
National Register of Historic Places listings in Louisiana
Louisville metropolitan area
List of television stations in Kentucky
Mount Washington, Kentucky
Elections in Kentucky
National Register of Historic Places listings in Martin County, Kentucky
National Register of Historic Places listings in Portland, Louisville, Kentucky
National Register of Historic Places listings in Graves County, Kentucky
Carter County, Kentucky
National Register of Historic Places listings in Ohio County, Kentucky
National Register of Historic Places listings in Scott County, Kentucky
Clark County, Kentucky
Bourbon County, Kentucky
National Register of Historic Places listings in Greenup County, Kentucky
Pulaski County, Kentucky
Carroll County, Kentucky
National Register of Historic Places listings in Illinois
Cumberland Gap National Historical Park
National Register of Historic Places listings in Arkansas
List of people from Kentucky
National Register of Historic Places listings in Mason County, Kentucky
National Register of Historic Places listings in Meade County, Kentucky
National Register of Historic Places listings in Oldham County, Kentucky
Seal of Kentucky
Crittenden County, Kentucky
Louisville, Kentucky
Paducah, Kentucky
National Register of Historic Places listings in Laurel County, Kentucky
Index of Kentucky-related articles
Lexington, Kentucky
Magoffin County, Kentucky
National Register of Historic Places listings in Kenton County, Kentucky
National Park Service
Outline of Kentucky
National Register of Historic Places listings in Hawaii
National Register of Historic Places listings in Washington, D.C.
Jeffersontown, Kentucky
Baughman's Mill and Stanford Railroad Depot
Grant County, Kentucky
National Register of Historic Places listings in Breckinridge County, Kentucky
National Register of Historic Places listings in Magoffin County, Kentucky
National Register of Historic Places listings in Clark County, Kentucky
Commonwealth (U.S. state)
Middle Reaches of Boone Creek Rural Historic District
National Register of Historic Places listings in Daviess County, Kentucky
National Register of Historic Places listings in Wisconsin
University and college buildings listed on the National Register of Historic Places
Clay County, Kentucky
National Register of Historic Places listings in North Dakota
Covington, Kentucky
National Register of Historic Places listings in Pulaski County, Kentucky
History of education in Kentucky
Hopkins County, Kentucky
Education in Kentucky
Edmonson County, Kentucky
National Register of Historic Places listings in Rhode Island
National Register of Historic Places listings in Perry County, Kentucky
Flag of Kentucky
Owen-Gay Farm
National Register of Historic Places listings in Ohio
National Register of Historic Places listings in Marion County, Kentucky
National Register of Historic Places listings in Webster County, Kentucky
National Register of Historic Places listings in New Hampshire
National Register of Historic Places listings in Hardin County, Kentucky
Warren County, Kentucky
National Register of Historic Places listings in Puerto Rico
National Register of Historic Places listings in Marshall County, Kentucky
List of jails and prisons on the National Register of Historic Places
Western Coal Field
Madison County, Kentucky
National Register of Historic Places listings in South Dakota
Trigg County, Kentucky
Northern Kentucky
National Register of Historic Places listings in Monroe County, Kentucky
Estill County, Kentucky
National Register of Historic Places listings in Spencer County, Kentucky
Grayson County, Kentucky
National Register of Historic Places listings in Shelby County, Kentucky
Demographics of Kentucky
Jessamine County, Kentucky
Allegheny Plateau
Shelby County, Kentucky
Culture of Kentucky
National Register of Historic Places listings in Todd County, Kentucky
National Register of Historic Places listings in Caldwell County, Kentucky
Wolfe County, Kentucky
National Register of Historic Places listings in American Samoa
National Register of Historic Places listings in Boone County, Kentucky
National Register of Historic Places listings in Georgia
Bell County, Kentucky
Abortion in Kentucky
National Register of Historic Places listings in Downtown Louisville, Kentucky
Bowling Green, Kentucky
Fulton County, Kentucky
Ashland, Kentucky
Kentucky State Capitol
National Register of Historic Places listings in Maine
Muhlenberg County, Kentucky
LaRue County, Kentucky
Wayne County, Kentucky
Jackson Purchase
Winchester, Kentucky
Crime in Kentucky
National Register of Historic Places listings in Knott County, Kentucky
National Register of Historic Places listings in Bell County, Kentucky
Hart County, Kentucky
National Register of Historic Places listings in Floyd County, Kentucky
National Register of Historic Places listings in Fulton County, Kentucky
National Register of Historic Places listings in Tennessee
Mitchell-Estes Farmstead
Todd County, Kentucky
Tennessee Valley
Ballard County, Kentucky
Logan County, Kentucky
Montgomery County, Kentucky
National Register of Historic Places listings in Lawrence County, Kentucky
National Register of Historic Places listings in South Carolina
National Register of Historic Places listings in Hancock County, Kentucky
National Register of Historic Places listings in Boyle County, Kentucky
Nicholasville, Kentucky
National Register of Historic Places listings in McLean County, Kentucky
Elizabethtown metropolitan area
National Register of Historic Places listings in Whitley County, Kentucky
National Register of Historic Places listings in Iowa
Laurel County, Kentucky
List of newspapers in Kentucky
Calloway County, Kentucky
National Register of Historic Places listings in the Federated States of Micronesia
National Register of Historic Places listings in Michigan
Jefferson County, Kentucky
Meade County, Kentucky
Hardin County, Kentucky
National Register of Historic Places listings in Crittenden County, Kentucky
National Register of Historic Places listings in Livingston County, Kentucky
McCreary County, Kentucky
Bluegrass region
National Register of Historic Places listings in Washington state
List of Kentucky counties
Jackson County, Kentucky
Independence, Kentucky
Lee County, Kentucky
National Register of Historic Places listings in McCracken County, Kentucky
Nicholas County, Kentucky
Music of Kentucky
National Register of Historic Places listings in California
National Register of Historic Places listings in The Highlands, Louisville, Kentucky
National Register of Historic Places listings in Virginia
Lexington Extension of the Louisville Southern Railroad
LGBT rights in Kentucky
National Register of Historic Places listings in Jefferson County, Kentucky
National Register of Historic Places listings in Mercer County, Kentucky
Owensboro, Kentucky
Rockcastle County, Kentucky
United States Department of the Interior
National Register of Historic Places listings in Colorado
Owensboro metropolitan area
National Register of Historic Places listings in Missouri
Transportation in Kentucky
Fleming County, Kentucky
Floyd County, Kentucky
Fayette County, Kentucky
Clinton County, Kentucky
Rowan County, Kentucky
National Register of Historic Places listings in Guam