A. L. Spoon House
Alamance, North Carolina
Alamance Battleground
Alamance County, North Carolina
Alamance County Courthouse
Alamance Hotel
Alamance Mill Village Historic District
Allen House (Burlington, North Carolina)
Altamahaw, North Carolina
Altamahaw Mill Office
American Legation, Tangier
Atlantic Bank and Trust Company Building
Aurora Cotton Mills Finishing Plant-Baker-Cammack Hosiery Mills Plant
Bellemont, North Carolina
Bellemont Mill Village Historic District
Beverly Hills Historic District
Burlington, North Carolina
Camilus McBane House
Carolina, Alamance County, North Carolina
Cedarock Park Historic District
Census-designated place
Charles F. and Howard Cates Farm
Charles T. Holt House
City (North Carolina)
Contributing property
Cooper School (Mebane, North Carolina)
Copland Fabrics
County seat
Cross Roads Presbyterian Church and Cemetery and Stainback Store
Downtown Burlington Historic District
Durham Hosiery Mill No. 15
East Davis Street Historic District
Efird Building
Eli Whitney, North Carolina
Elon, North Carolina
Elon College Historic District
First Baptist Church (Burlington, North Carolina)
First Christian Church of Burlington
Former Saxapahaw Spinning Mill
Friends Spring Meeting House
George Franklin Barber
Gibsonville, North Carolina
Glen Raven, North Carolina
Glencoe, North Carolina
Glencoe Mill Village Historic District
Glencoe School
Graham, North Carolina
Graham Historic District
Granite-Cora-Holt Mills Historic District
Granite Mill (Haw River, North Carolina)
Green Level, North Carolina
Griffis-Patton House
Haw River
Haw River, North Carolina
Hawfields, North Carolina
Hawfields Presbyterian Church
Henderson Scott Farm Historic District
Hiram Braxton House
Historic Preservation Fund
Historic districts in the United States
History of the National Register of Historic Places
Holt–Frost House
Horner Houses
James Monroe Thompson House
Johnston Hall (Elon College, North Carolina)
Keeper of the Register
Kernodle-Pickett House
Kerr-Patton House
Kerr Scott Farm
L. Banks Holt House
Lakeside Mills Historic District
Lakeview, Alamance County, North Carolina
List of National Historic Landmarks in North Carolina
List of U.S. National Historic Landmarks by state
List of bridges on the National Register of Historic Places in North Carolina
List of jails and prisons on the National Register of Historic Places
Mandale, North Carolina
May Hosiery Mills Knitting Mill
McCauley-Watson House
McCray School
Mebane, North Carolina
Mebane Commercial Historic District
Menagerie Carousel
Moore-Holt-White House
Mount Hermon, Alamance County, North Carolina
NC 62
National Historic Landmark
National Historic Preservation Act
National Park Service
National Register Information System
National Register of Historic Places
National Register of Historic Places architectural style categories
National Register of Historic Places listings in Alabama
National Register of Historic Places listings in Alaska
National Register of Historic Places listings in Alexander County, North Carolina
National Register of Historic Places listings in Alleghany County, North Carolina
National Register of Historic Places listings in American Samoa
National Register of Historic Places listings in Anson County, North Carolina
National Register of Historic Places listings in Arizona
National Register of Historic Places listings in Arkansas
National Register of Historic Places listings in Ashe County, North Carolina
National Register of Historic Places listings in Avery County, North Carolina
National Register of Historic Places listings in Beaufort County, North Carolina
National Register of Historic Places listings in Bertie County, North Carolina
National Register of Historic Places listings in Bladen County, North Carolina
National Register of Historic Places listings in Brunswick County, North Carolina
National Register of Historic Places listings in Buncombe County, North Carolina
National Register of Historic Places listings in Burke County, North Carolina
National Register of Historic Places listings in Cabarrus County, North Carolina
National Register of Historic Places listings in Caldwell County, North Carolina
National Register of Historic Places listings in California
National Register of Historic Places listings in Camden County, North Carolina
National Register of Historic Places listings in Carteret County, North Carolina
National Register of Historic Places listings in Caswell County, North Carolina
National Register of Historic Places listings in Catawba County, North Carolina
National Register of Historic Places listings in Chatham County, North Carolina
National Register of Historic Places listings in Cherokee County, North Carolina
National Register of Historic Places listings in Chowan County, North Carolina
National Register of Historic Places listings in Clay County, North Carolina
National Register of Historic Places listings in Cleveland County, North Carolina
National Register of Historic Places listings in Colorado
National Register of Historic Places listings in Columbus County, North Carolina
National Register of Historic Places listings in Connecticut
National Register of Historic Places listings in Craven County, North Carolina
National Register of Historic Places listings in Cumberland County, North Carolina
National Register of Historic Places listings in Currituck County, North Carolina
National Register of Historic Places listings in Dare County, North Carolina
National Register of Historic Places listings in Davidson County, North Carolina
National Register of Historic Places listings in Davie County, North Carolina
National Register of Historic Places listings in Delaware
National Register of Historic Places listings in Duplin County, North Carolina
National Register of Historic Places listings in Durham County, North Carolina
National Register of Historic Places listings in Edgecombe County, North Carolina
National Register of Historic Places listings in Florida
National Register of Historic Places listings in Forsyth County, North Carolina
National Register of Historic Places listings in Franklin County, North Carolina
National Register of Historic Places listings in Gaston County, North Carolina
National Register of Historic Places listings in Gates County, North Carolina
National Register of Historic Places listings in Georgia
National Register of Historic Places listings in Graham County, North Carolina
National Register of Historic Places listings in Granville County, North Carolina
National Register of Historic Places listings in Greene County, North Carolina
National Register of Historic Places listings in Guam
National Register of Historic Places listings in Guilford County, North Carolina
National Register of Historic Places listings in Halifax County, North Carolina
National Register of Historic Places listings in Harnett County, North Carolina
National Register of Historic Places listings in Hawaii
National Register of Historic Places listings in Haywood County, North Carolina
National Register of Historic Places listings in Henderson County, North Carolina
National Register of Historic Places listings in Hertford County, North Carolina
National Register of Historic Places listings in Hoke County, North Carolina
National Register of Historic Places listings in Hyde County, North Carolina
National Register of Historic Places listings in Idaho
National Register of Historic Places listings in Illinois
National Register of Historic Places listings in Indiana
National Register of Historic Places listings in Iowa
National Register of Historic Places listings in Iredell County, North Carolina
National Register of Historic Places listings in Jackson County, North Carolina
National Register of Historic Places listings in Johnston County, North Carolina
National Register of Historic Places listings in Jones County, North Carolina
National Register of Historic Places listings in Kansas
National Register of Historic Places listings in Kentucky
National Register of Historic Places listings in Lee County, North Carolina
National Register of Historic Places listings in Lenoir County, North Carolina
National Register of Historic Places listings in Lincoln County, North Carolina
National Register of Historic Places listings in Louisiana
National Register of Historic Places listings in Macon County, North Carolina
National Register of Historic Places listings in Madison County, North Carolina
National Register of Historic Places listings in Maine
National Register of Historic Places listings in Martin County, North Carolina
National Register of Historic Places listings in Maryland
National Register of Historic Places listings in Massachusetts
National Register of Historic Places listings in McDowell County, North Carolina
National Register of Historic Places listings in Mecklenburg County, North Carolina
National Register of Historic Places listings in Michigan
National Register of Historic Places listings in Minnesota
National Register of Historic Places listings in Mississippi
National Register of Historic Places listings in Missouri
National Register of Historic Places listings in Mitchell County, North Carolina
National Register of Historic Places listings in Montana
National Register of Historic Places listings in Montgomery County, North Carolina
National Register of Historic Places listings in Moore County, North Carolina
National Register of Historic Places listings in Nash County, North Carolina
National Register of Historic Places listings in Nebraska
National Register of Historic Places listings in Nevada
National Register of Historic Places listings in New Hampshire
National Register of Historic Places listings in New Hanover County, North Carolina
National Register of Historic Places listings in New Jersey
National Register of Historic Places listings in New Mexico
National Register of Historic Places listings in New York
National Register of Historic Places listings in North Carolina
National Register of Historic Places listings in North Dakota
National Register of Historic Places listings in Northampton County, North Carolina
National Register of Historic Places listings in Ohio
National Register of Historic Places listings in Oklahoma
National Register of Historic Places listings in Onslow County, North Carolina
National Register of Historic Places listings in Orange County, North Carolina
National Register of Historic Places listings in Oregon
National Register of Historic Places listings in Palau
National Register of Historic Places listings in Pamlico County, North Carolina
National Register of Historic Places listings in Pasquotank County, North Carolina
National Register of Historic Places listings in Pender County, North Carolina
National Register of Historic Places listings in Pennsylvania
National Register of Historic Places listings in Perquimans County, North Carolina
National Register of Historic Places listings in Person County, North Carolina
National Register of Historic Places listings in Pitt County, North Carolina
National Register of Historic Places listings in Polk County, North Carolina
National Register of Historic Places listings in Puerto Rico
National Register of Historic Places listings in Randolph County, North Carolina
National Register of Historic Places listings in Rhode Island
National Register of Historic Places listings in Richmond County, North Carolina
National Register of Historic Places listings in Robeson County, North Carolina
National Register of Historic Places listings in Rockingham County, North Carolina
National Register of Historic Places listings in Rowan County, North Carolina
National Register of Historic Places listings in Rutherford County, North Carolina
National Register of Historic Places listings in Sampson County, North Carolina
National Register of Historic Places listings in Scotland County, North Carolina
National Register of Historic Places listings in South Carolina
National Register of Historic Places listings in South Dakota
National Register of Historic Places listings in Stanly County, North Carolina
National Register of Historic Places listings in Stokes County, North Carolina
National Register of Historic Places listings in Surry County, North Carolina
National Register of Historic Places listings in Swain County, North Carolina
National Register of Historic Places listings in Tennessee
National Register of Historic Places listings in Texas
National Register of Historic Places listings in Transylvania County, North Carolina
National Register of Historic Places listings in Tyrrell County, North Carolina
National Register of Historic Places listings in Union County, North Carolina
National Register of Historic Places listings in Utah
National Register of Historic Places listings in Vance County, North Carolina
National Register of Historic Places listings in Vermont
National Register of Historic Places listings in Virginia
National Register of Historic Places listings in Wake County, North Carolina
National Register of Historic Places listings in Warren County, North Carolina
National Register of Historic Places listings in Washington, D.C.
National Register of Historic Places listings in Washington County, North Carolina
National Register of Historic Places listings in Washington state
National Register of Historic Places listings in Watauga County, North Carolina
National Register of Historic Places listings in Wayne County, North Carolina
National Register of Historic Places listings in West Virginia
National Register of Historic Places listings in Wilkes County, North Carolina
National Register of Historic Places listings in Wilson County, North Carolina
National Register of Historic Places listings in Wisconsin
National Register of Historic Places listings in Wyoming
National Register of Historic Places listings in Yadkin County, North Carolina
National Register of Historic Places listings in Yancey County, North Carolina
National Register of Historic Places listings in the Federated States of Micronesia
National Register of Historic Places listings in the Marshall Islands
National Register of Historic Places listings in the Northern Mariana Islands
National Register of Historic Places listings in the United States Minor Outlying Islands
National Register of Historic Places listings in the United States Virgin Islands
National Register of Historic Places property types
North Main Street Historic District (Graham, North Carolina)
Old South Mebane Historic District
Oneida Cotton Mills and Scott-Mebane Manufacturing Company Complex
Ossipee, North Carolina
Pleasant Grove, Alamance County, North Carolina
Polly Fogleman House
Saxapahaw, North Carolina
Sidney Cotton Mill
Snow Camp, North Carolina
Snow Camp Mutual Telephone Exchange Building
South Broad–East Fifth Streets Historic District
Southern Railway Passenger Station (Burlington, North Carolina)
St. Athanasius Episcopal Church and Parish House and the Church of the Holy Comforter
Stagg House
Sunny Side (Burlington, North Carolina)
Swepsonville, North Carolina
Thomas Guy House
Thompson, North Carolina
Town (North Carolina)
Unincorporated area
Union Ridge, North Carolina
United States Department of the Interior
United States Post Office (Burlington, North Carolina)
University and college buildings listed on the National Register of Historic Places
Village (North Carolina)
West Davis Street–Fountain Place Historic District
Western Electric Company-Tarheel Army Missile Plant
White Furniture Company
William Cook House (Mebane, North Carolina)
William P. Morrow House
Windsor Cotton Mills Office
Woodlawn, North Carolina
Woodlawn School (Mebane, North Carolina)