Forest County, Wisconsin
List of the oldest buildings in Wisconsin
National Register of Historic Places listings in West Virginia
Appleton, Wisconsin
National Register of Historic Places listings in Florida
National Register of Historic Places listings in Langlade County, Wisconsin
National Register of Historic Places listings in La Crosse County, Wisconsin
National Register of Historic Places listings in Eau Claire County, Wisconsin
National Register of Historic Places listings in Ozaukee County, Wisconsin
National Register of Historic Places listings in Utah
Wisconsin
Madison, Wisconsin, metropolitan area
National Register of Historic Places listings in Oklahoma
Beaver Dam, Wisconsin
South Milwaukee, Wisconsin
Washington County, Wisconsin
List of people from Wisconsin
National Register of Historic Places listings in Forest County, Wisconsin
Wauwatosa, Wisconsin
West Bend, Wisconsin
National Register of Historic Places listings in Chippewa County, Wisconsin
Germantown, Wisconsin
Stevens Point, Wisconsin
United States congressional delegations from Wisconsin
National Register of Historic Places listings in Texas
National Register of Historic Places listings in Taylor County, Wisconsin
National Register of Historic Places listings in Lincoln County, Wisconsin
University and college buildings listed on the National Register of Historic Places
National Register of Historic Places listings in Kansas
National Register of Historic Places listings in Alabama
Waukesha County, Wisconsin
Marquette County, Wisconsin
National Register of Historic Places listings in Washington County, Wisconsin
List of cities in Wisconsin
National Register of Historic Places listings in Green Lake County, Wisconsin
Apostle Islands Lighthouses
List of lakes of Wisconsin
United States Department of the Interior
Douglas County, Wisconsin
National Register of Historic Places listings in Door County, Wisconsin
National Register of Historic Places listings in Guam
Rock County, Wisconsin
Wisconsin dairy industry
National Register of Historic Places listings in Burnett County, Wisconsin
Fox River (Green Bay tributary)
Middleton, Wisconsin
Jefferson County, Wisconsin
National Register of Historic Places listings in Oregon
Prairie du Chien, Wisconsin
Muskego, Wisconsin
Milwaukee
National Register of Historic Places listings in Missouri
Manitowoc County, Wisconsin
Chicago metropolitan area
National Register of Historic Places listings in Crawford County, Wisconsin
River Falls, Wisconsin
Kenosha, Wisconsin
National Register of Historic Places listings in Calumet County, Wisconsin
National Register of Historic Places listings in Minnesota
Racine County, Wisconsin
Abortion in Wisconsin
Wausau, Wisconsin
Langlade County, Wisconsin
National Register of Historic Places listings in Montana
Crime in Wisconsin
Calumet County Courthouse
Vilas County, Wisconsin
National Register of Historic Places listings in Racine County, Wisconsin
Sports in Wisconsin
National Register of Historic Places listings in Brown County, Wisconsin
Door Peninsula
Fond du Lac, Wisconsin
Taylor County, Wisconsin
Lincoln County, Wisconsin
Waupun Commercial Historic District
National Register of Historic Places listings in Louisiana
National Register of Historic Places listings in Iowa County, Wisconsin
Iron County, Wisconsin
Kaukauna, Wisconsin
Kenosha County, Wisconsin
Waukesha, Wisconsin
Oconto County, Wisconsin
Menomonie, Wisconsin
National Register of Historic Places listings in Washington state
National Register of Historic Places listings in Waushara County, Wisconsin
Oconomowoc, Wisconsin
Geography of Wisconsin
National Register of Historic Places listings in American Samoa
Trempealeau County, Wisconsin
Agriculture in Wisconsin
Ozaukee County, Wisconsin
National Register of Historic Places listings in Colorado
List of historical societies in Wisconsin
Crawford County, Wisconsin
Washburn County, Wisconsin
National Register of Historic Places listings in Bayfield County, Wisconsin
Marinette County, Wisconsin
National Register of Historic Places listings in Douglas County, Wisconsin
National Register of Historic Places listings in Maine
National Register of Historic Places listings in Waukesha County, Wisconsin
National Register of Historic Places listings in New Jersey
National Register of Historic Places listings in Vilas County, Wisconsin
Sun Prairie, Wisconsin
Wisconsin State Prison Historic District
National Register of Historic Places listings in Maryland
Administrative divisions of Wisconsin
Merrimac Ferry
National Register of Historic Places listings in the United States Virgin Islands
Racine, Wisconsin
National Register of Historic Places listings in Grant County, Wisconsin
Gun laws in Wisconsin
Brookfield, Wisconsin
National Register of Historic Places listings in Connecticut
Eau Claire County, Wisconsin
Brown County, Wisconsin
Richland County, Wisconsin
Central Plain (Wisconsin)
National Register of Historic Places listings in Nebraska
Clark County, Wisconsin
National Register of Historic Places listings in Indiana
National Register of Historic Places listings in Dodge County, Wisconsin
National Register of Historic Places listings in Georgia
National Register of Historic Places listings in Tennessee
Janesville, Wisconsin
Chippewa County, Wisconsin
National Register of Historic Places listings in Pierce County, Wisconsin
Onalaska, Wisconsin
Menasha, Wisconsin
National Register of Historic Places
List of counties in Wisconsin
National Register of Historic Places listings in Rhode Island
National Register of Historic Places listings in Vermont
Hudson, Wisconsin
Historic district (United States)
National Register of Historic Places listings in Idaho
Bellevue, Wisconsin
National Register of Historic Places listings in Kewaunee County, Wisconsin
National Register of Historic Places listings in Richland County, Wisconsin
National Register of Historic Places listings in Puerto Rico
National Register of Historic Places listings in Polk County, Wisconsin
Historic districts in the United States
National Register of Historic Places listings in Clark County, Wisconsin
Western Upland
Dunn County, Wisconsin
West Allis, Wisconsin
National Register of Historic Places listings in Dunn County, Wisconsin
Adams County, Wisconsin
National Register of Historic Places listings in Washington, D.C.
National Register of Historic Places listings in Hawaii
Burnett County, Wisconsin
History of the National Register of Historic Places
List of bridges on the National Register of Historic Places in Wisconsin
Barron County, Wisconsin
St. Croix County, Wisconsin
Iowa County, Wisconsin
Green Lake County, Wisconsin
National Register of Historic Places listings in Ohio
Monroe County, Wisconsin
List of governors of Wisconsin
American Legation, Tangier
Outline of Wisconsin
Sauk County, Wisconsin
National Register of Historic Places listings in Green County, Wisconsin
Pepin County, Wisconsin
Chippewa Valley
National Register of Historic Places listings in North Carolina
National Register of Historic Places listings in Rock County, Wisconsin
National Register of Historic Places listings in Lafayette County, Wisconsin
Greenfield, Wisconsin
Calumet County, Wisconsin
National Register of Historic Places listings in Juneau County, Wisconsin
National Register of Historic Places listings in South Carolina
Wisconsin Rapids, Wisconsin
U.S. state
National Register of Historic Places listings in Outagamie County, Wisconsin
Winnebago County, Wisconsin
National Register of Historic Places listings in the Federated States of Micronesia
National Register of Historic Places listings in Iron County, Wisconsin
Pierce County, Wisconsin
National Register of Historic Places listings in the Northern Mariana Islands
National Register of Historic Places listings in Columbia County, Wisconsin
Green Bay, Wisconsin
Oshkosh, Wisconsin
National Register of Historic Places listings in New Hampshire
National Register of Historic Places listings in Rusk County, Wisconsin
National Register of Historic Places architectural style categories
Wood County, Wisconsin
Jackson County, Wisconsin
National Register of Historic Places listings in Michigan
Fond du Lac County, Wisconsin
National Register of Historic Places listings in Marathon County, Wisconsin
LGBT rights in Wisconsin
Villa Louis
Eau Claire, Wisconsin
Waupaca County, Wisconsin
National Register of Historic Places listings in Milwaukee, Wisconsin
National Register of Historic Places listings in New Mexico
United States National Register of Historic Places listings
Sheboygan, Wisconsin
National Register of Historic Places listings in Walworth County, Wisconsin
Outagamie County, Wisconsin
Green County, Wisconsin
National Register of Historic Places listings in California
National Register of Historic Places listings in Buffalo County, Wisconsin
Superior, Wisconsin
National Register of Historic Places listings in Florence County, Wisconsin
Manitowoc, Wisconsin
National Register of Historic Places listings in Washburn County, Wisconsin
National Register of Historic Places listings in Oconto County, Wisconsin
Madison, Wisconsin
List of jails and prisons on the National Register of Historic Places
National Register of Historic Places listings in Illinois
National Register of Historic Places listings in Arizona
Mount Pleasant, Wisconsin
Oak Creek, Wisconsin
Waushara County, Wisconsin
National Register of Historic Places listings in Jackson County, Wisconsin
Northern Highland
National Register of Historic Places listings in Delaware
Menominee County, Wisconsin
National Register of Historic Places listings in Kentucky
National Register of Historic Places listings in Price County, Wisconsin
Oneida County, Wisconsin
National Register of Historic Places listings in the Marshall Islands
National Register of Historic Places listings in Wyoming
Buffalo County, Wisconsin
Ashland County, Wisconsin
National Historic Preservation Act
Contributing property
Fitchburg, Wisconsin
National Register of Historic Places listings in the United States Minor Outlying Islands
National Register of Historic Places listings in Menominee County, Wisconsin
National Register of Historic Places listings in St. Croix County, Wisconsin
National Register of Historic Places listings in Manitowoc County, Wisconsin
Walworth County, Wisconsin
Neenah, Wisconsin
Shawano County, Wisconsin
Polk County, Wisconsin
National Register of Historic Places listings in Kenosha County, Wisconsin
National Register of Historic Places listings in New York
National Register of Historic Places listings in Pennsylvania
Columbia County, Wisconsin
National Register of Historic Places listings in Trempealeau County, Wisconsin
List of Wisconsin state symbols
Cudahy, Wisconsin
Ashwaubenon, Wisconsin
Cannabis in Wisconsin
History of Wisconsin
Menomonee Falls, Wisconsin
Door County, Wisconsin
Keeper of the Register
National Park Service
Fox Crossing, Wisconsin
Milwaukee metropolitan area
Howard, Wisconsin
Vernon County, Wisconsin
National Register of Historic Places listings in Arkansas
Sheboygan County, Wisconsin
Milwaukee County, Wisconsin
National Register of Historic Places listings in Mississippi
Beloit, Wisconsin
National Register of Historic Places listings in Nevada
National Register of Historic Places listings in South Dakota
Index of Wisconsin-related articles
Kewaunee County, Wisconsin
National Register of Historic Places listings in Vernon County, Wisconsin
National Register of Historic Places listings in North Dakota
List of villages in Wisconsin
National Register of Historic Places listings in Winnebago County, Wisconsin
National Register of Historic Places listings in Dane County, Wisconsin
Wisconsin statistical areas
Lafayette County, Wisconsin
La Crosse County, Wisconsin
Caledonia, Wisconsin
National Historic Preservation Act of 1966
National Register of Historic Places listings in Sheboygan County, Wisconsin
Mequon, Wisconsin
National Register of Historic Places listings in Jefferson County, Wisconsin
Sawyer County, Wisconsin
National Register of Historic Places listings in Wood County, Wisconsin
Driftless Area
Pleasant Prairie, Wisconsin
Rusk County, Wisconsin
National Register of Historic Places listings in Fond du Lac County, Wisconsin
National Register of Historic Places listings in Palau
List of National Historic Landmarks in Wisconsin
List of U.S. National Historic Landmarks by state
Waupun
National Register of Historic Places listings in Sawyer County, Wisconsin
Florence County, Wisconsin
Bayfield County, Wisconsin
Grant County, Wisconsin
National Register of Historic Places listings in Massachusetts
De Pere, Wisconsin
New Berlin, Wisconsin
Juneau County, Wisconsin
National Register of Historic Places listings in Marinette County, Wisconsin
Dane County, Wisconsin
National Register of Historic Places listings in Ashland County, Wisconsin
Hartford, Wisconsin
Franklin, Milwaukee County, Wisconsin
National Register of Historic Places property types
National Register of Historic Places listings in Alaska
Climate change in Wisconsin
Historic Preservation Fund
Marathon County, Wisconsin
National Register of Historic Places listings in Pepin County, Wisconsin
National Register of Historic Places listings in Milwaukee County, Wisconsin
National Register of Historic Places listings in Oneida County, Wisconsin
National Register of Historic Places listings in Virginia
National Register of Historic Places listings in Sauk County, Wisconsin
Portage County, Wisconsin
Marshfield, Wisconsin
National Register of Historic Places listings in Waupaca County, Wisconsin
Price County, Wisconsin
North Washington Street Historic District (Watertown, Wisconsin)
Minneapolis–Saint Paul
Dodge County, Wisconsin
List of islands of Wisconsin
Watertown, Wisconsin
National Register of Historic Places listings in Monroe County, Wisconsin
Property type (National Register of Historic Places)
National Register of Historic Places listings in Shawano County, Wisconsin
National Register of Historic Places listings in Iowa
National Register of Historic Places listings in Barron County, Wisconsin
National Register of Historic Places listings in Marquette County, Wisconsin
National Register of Historic Places listings in Madison, Wisconsin
Apostle Islands
National Register of Historic Places listings in Adams County, Wisconsin
Lake Superior Lowland
Eastern Ridges and Lowlands
Great River Road
La Crosse, Wisconsin
National Register of Historic Places listings in Portage County, Wisconsin